{
  "creds": {
    "noiseKey": {
      "private": {
        "type": "Buffer",
        "data": "8Otd30ymXuCyVBgwb1fibfpu6jBBeMekzIF9DkB5dno="
      },
      "public": {
        "type": "Buffer",
        "data": "xWEPIAwyci3Qv5sYv3FdbvhJPUaGBjmG3UmwX0uognE="
      }
    },
    "signedIdentityKey": {
      "private": {
        "type": "Buffer",
        "data": "MFP6ZI+6MfQOV5hxcbug4YXnJa7wCF2BtlfS9w9yUH0="
      },
      "public": {
        "type": "Buffer",
        "data": "cUiHKp2fICjfsChkunzymi6ZJXkU6K+bzoEp4clOsnQ="
      }
    },
    "signedPreKey": {
      "keyPair": {
        "private": {
          "type": "Buffer",
          "data": "SN77Jjl/EywJo6BwvM7A/x8yhpfyIL357VDkbUUtw1Y="
        },
        "public": {
          "type": "Buffer",
          "data": "UqOG+qp1a0gQgZkHUotPUiZomT8IBOxRDcl5jh+LfxY="
        }
      },
      "signature": {
        "type": "Buffer",
        "data": "hATpT3Jzo5tnCwqJ+f6njYEVVIUCOtqEohzt+YwVY4/C7SU0/a2SRaqXmJHKwltvOkI0YHcJDLKtf3YRYJQKiw=="
      },
      "keyId": 1
    },
    "registrationId": 240,
    "advSecretKey": "0QqUS6CAOv/n9r1qQRoWbQrX0Ot5D+t0zDW7QlrhJe4=",
    "nextPreKeyId": 31,
    "firstUnuploadedPreKeyId": 31,
    "serverHasPreKeys": true,
    "account": {
      "details": "COX2nPoHEKrazpIGGAE=",
      "accountSignatureKey": "aL0QPktUVjamzstCPUspRkSZ5KqlVUtT/92kD6OLtEk=",
      "accountSignature": "MsUko+KZrQZP8Ftr27w/2rDIRq0dBX1SW069+GNBHPhUHEWT2eAWTNF4QW4hX7XK4QikW4BEkdO7uvHxPGbpAg==",
      "deviceSignature": "o2zE/1vWfRhal9AT/+eb28R86rtP4Snr1yUHv/62dDT/sodbBN0llSROiPcqEVRlXoTSjH0Y0u+RwxYLW9vejA=="
    },
    "me": {
      "id": "628992642441:1@s.whatsapp.net",
      "verifiedName": "パトリックスター",
      "name": "パトリックスター"
    },
    "signalIdentities": [
      {
        "identifier": {
          "name": "628992642441:1@s.whatsapp.net",
          "deviceId": 0
        },
        "identifierKey": {
          "type": "Buffer",
          "data": "BWi9ED5LVFY2ps7LQj1LKUZEmeSqpVVLU//dpA+ji7RJ"
        }
      }
    ],
    "lastAccountSyncTimestamp": 1649650991,
    "myAppStateKeyId": "AAAAAEoN"
  },
  "keys": {
    "preKeys": {
      "1": {
        "private": {
          "type": "Buffer",
          "data": "sOJf2KMRO1jYwr+0TOddS6hwcY07k9tfIh78U5fzU0Y="
        },
        "public": {
          "type": "Buffer",
          "data": "eoHAA9Lrml018qVGOwWtLsyPNdLL0Zgr/gEPD/mj7FM="
        }
      },
      "2": {
        "private": {
          "type": "Buffer",
          "data": "8I0R0oCnsGHyOrJUEXdBIsWbMKo469vQfU6wgWlg0k4="
        },
        "public": {
          "type": "Buffer",
          "data": "ru6KHKgbPoK3suvdCmuNRlpl1CtdazMTq6SYsPbxnmg="
        }
      },
      "3": {
        "private": {
          "type": "Buffer",
          "data": "gHuWzkrSshCOcAwq49cKrkBZcvB/Q0RCgqx6BuchckQ="
        },
        "public": {
          "type": "Buffer",
          "data": "6APk0JE5hx/SMnAtPcv/ylRegVEc4bBq4MUJr/Zsizs="
        }
      },
      "4": {
        "private": {
          "type": "Buffer",
          "data": "IIblLYFqDezcadKP4eBkGdamHQ5hxQ87+tCm7PaMV0w="
        },
        "public": {
          "type": "Buffer",
          "data": "cf7HWsNAl8hV4+Tvlj98MmpNFwg/waCX4ySjDO4oA0I="
        }
      },
      "5": {
        "private": {
          "type": "Buffer",
          "data": "iD9M+Eil+m9yhjbEQDDEP82I7L8pur146ntwXVnSw2Y="
        },
        "public": {
          "type": "Buffer",
          "data": "9ysL3wccGP5hXlLMzhNxlrXpwDbnxQvFRr6dvOTZMho="
        }
      },
      "6": {
        "private": {
          "type": "Buffer",
          "data": "mDruSWvgcAd9ST3sFakDq0cnknUE6tUdRCmvsVp2134="
        },
        "public": {
          "type": "Buffer",
          "data": "7cI/G4035KNsZFqhvTU9lVMu1214J+ksoPh7BwlbqB4="
        }
      },
      "7": {
        "private": {
          "type": "Buffer",
          "data": "MCL78C6rpDUGo8ARSiM3ABL/gs9oTPhQmpYGmt9fckg="
        },
        "public": {
          "type": "Buffer",
          "data": "JD3epOvOyd7K55bGeUq7jKQwRnTGNtnAbgTML6i0klI="
        }
      },
      "8": {
        "private": {
          "type": "Buffer",
          "data": "qNVVqdjTzFA6YqMn/nyZYqOntmi/lvlU68sk458HrHM="
        },
        "public": {
          "type": "Buffer",
          "data": "J5ODYdb332c7jFaCjb8DfBbcKsuky6PZs7BVLNAzFiE="
        }
      },
      "9": {
        "private": {
          "type": "Buffer",
          "data": "OF36CDt7nheVzZ2Ixhxp06tcAHF10jJgAl9XtV0XxWU="
        },
        "public": {
          "type": "Buffer",
          "data": "QQybHJzZLAg1QLe0a6aOTBvCvIuex776fNLBeu7yG20="
        }
      },
      "10": {
        "private": {
          "type": "Buffer",
          "data": "aH0H02I/N8bu0rLfptD5ZoHYf9bqvPwI4bSlR6GRH0g="
        },
        "public": {
          "type": "Buffer",
          "data": "p8b87Jx1X0/RA++PzkWWu2587tJx2DqY97ZhdOXCNBU="
        }
      },
      "11": {
        "private": {
          "type": "Buffer",
          "data": "UGsX8AhVKWOqEELL45x4QC0kqqPw8RLu8sFpEOjA61Q="
        },
        "public": {
          "type": "Buffer",
          "data": "+ZHQIYdkugbbJ5KpFcB0ia6D3LL4PbJ4PFKCHsoDZXQ="
        }
      },
      "12": {
        "private": {
          "type": "Buffer",
          "data": "IFoY6xoysNFMzeQIszxlXtlICqzMRho0E6CSpnfvMkE="
        },
        "public": {
          "type": "Buffer",
          "data": "dhAWtNLaU4tGbAeAhi3lqqbgQ7H+Qr/x9saigUrJs3s="
        }
      },
      "13": {
        "private": {
          "type": "Buffer",
          "data": "SB/FsuIwNrHbjDeDTa7rv9MIxPAIN7BHRRSfWdTXang="
        },
        "public": {
          "type": "Buffer",
          "data": "jUa6K9MWkRbE8eMUN/5GYCfq+xKXHxf93O7xFWhuWm0="
        }
      },
      "14": {
        "private": {
          "type": "Buffer",
          "data": "UDGg20OPZ2FT7Pp7B8z8Mry8TqpXzmFQgV2ODEJ37EQ="
        },
        "public": {
          "type": "Buffer",
          "data": "ExNfRBZKnyQj+hxfHTqBRBHA4APNFAWJyVQGFXrVOHs="
        }
      },
      "15": {
        "private": {
          "type": "Buffer",
          "data": "IBug+FWPQKy+rrcRrFEgr8ga0pvUpB6llSvQvAK8/18="
        },
        "public": {
          "type": "Buffer",
          "data": "BDoOPaYemPgFv3ibW6iPCfUI76fYQbgu6wTuJWxgoA0="
        }
      },
      "16": {
        "private": {
          "type": "Buffer",
          "data": "wLLCNqpAYBIR+gatqgSWFQzb5um+E4hogtVuUMDKB3U="
        },
        "public": {
          "type": "Buffer",
          "data": "0sl3I+xUWFV4X6CHQLuoLRu0Q1flVrDgSpx7k7bp2WQ="
        }
      },
      "17": {
        "private": {
          "type": "Buffer",
          "data": "eFOmmmuYvbgjTbpPEZbl2L1pZ4SPwGLj/K5Qs6CYSHA="
        },
        "public": {
          "type": "Buffer",
          "data": "9NkHpU5UPnx4JWBXnyFRze+Rvffxbgrecuv14AEmSks="
        }
      },
      "18": {
        "private": {
          "type": "Buffer",
          "data": "4Po49m7bYhvDVjJ9U17lRtTiaKUoXPawmHv+Wf3flk8="
        },
        "public": {
          "type": "Buffer",
          "data": "UhMQy3bDswYsM0h38YWINyGL654FIqKg375Gw70qg2A="
        }
      },
      "19": {
        "private": {
          "type": "Buffer",
          "data": "EG8RrPwpFaCZGuYvJfCzW8MLlr77ZzOAVtD9yC4jQWc="
        },
        "public": {
          "type": "Buffer",
          "data": "rjBJudjN8oEbIsXmq6v/Nh2e7At5EYA/tWuf31ghKl0="
        }
      },
      "20": {
        "private": {
          "type": "Buffer",
          "data": "eM9HBcE+gPO7Tl3Gm49cZ35sQwwf1N7m9Sgt+470sHc="
        },
        "public": {
          "type": "Buffer",
          "data": "wHJwd/SDKbb2kYCVAN8DscpOF7Sw79FK6LhnKB9G6Qc="
        }
      },
      "21": {
        "private": {
          "type": "Buffer",
          "data": "UI9xTKeKn3oGiEwll4YeZiQcSKVarqsvbsBpgTrZOVE="
        },
        "public": {
          "type": "Buffer",
          "data": "ug1Lui0CHrvXEv2EajNTb60N/VGbgtc3luedaCn+Xmc="
        }
      },
      "22": {
        "private": {
          "type": "Buffer",
          "data": "OCjg3iYppPZ0ma/JYMrLkeNcwaAnqoZt25wrK6bvI0o="
        },
        "public": {
          "type": "Buffer",
          "data": "lQDIieeHtechjygOM2G6K280ffV2l8/HuACmc3zFDGA="
        }
      },
      "23": {
        "private": {
          "type": "Buffer",
          "data": "SJG1LfN7XKJ76KcEqlM0BS0DSwTnuh2yr9Q3NqL90Vo="
        },
        "public": {
          "type": "Buffer",
          "data": "HggKD1KQ80N8cPQb6L71XTJXJXj9+opmfWw8f6A5bkw="
        }
      },
      "24": {
        "private": {
          "type": "Buffer",
          "data": "YBNe6HURQI/7HheFcGm3KNPEIdbw0KrFX6AGJIgzKnQ="
        },
        "public": {
          "type": "Buffer",
          "data": "S3A398ntn8CzPt7bCRlJON5YNSY7XH8OJe9p9sEMZkY="
        }
      },
      "25": {
        "private": {
          "type": "Buffer",
          "data": "qMXAA4fW1cR1fc47XM6wau7ExRcDdsGX4BFGDp8ZWk0="
        },
        "public": {
          "type": "Buffer",
          "data": "PGIESx9PUripyq3BIK5Xr/hKpVPcaTpnL6kvuwFNPzs="
        }
      },
      "26": {
        "private": {
          "type": "Buffer",
          "data": "oGfyqdnbSumkNEDd7HdK9iAHt+9+/mQX/QKCjL1Q8FE="
        },
        "public": {
          "type": "Buffer",
          "data": "ytS+wQQ6kmV9GQE3DTn62WuXPxViEjq3GuQOY0IwlTk="
        }
      },
      "27": {
        "private": {
          "type": "Buffer",
          "data": "QPkT1ayStFD7CKikj+LIVPXpJ44svJyXuj8o4nD+B3U="
        },
        "public": {
          "type": "Buffer",
          "data": "9mWX0sX5SFDCOf3/QLI5cF0ugRdlV9wCQA6raLC8e3Q="
        }
      },
      "28": {
        "private": {
          "type": "Buffer",
          "data": "OO6nhpTPKOquelC26n5XcnU3sAYauJ6z6RKO1nX8WWs="
        },
        "public": {
          "type": "Buffer",
          "data": "0UDJbh+cKRjIFNzpjUvJcU38TxIf2hJGnICZ5rtPyUw="
        }
      },
      "29": {
        "private": {
          "type": "Buffer",
          "data": "GP4GNEJZ+8+3K9ji06MeLmyxU+qtgIfcRPMlt9uQR2Q="
        },
        "public": {
          "type": "Buffer",
          "data": "KcASSYrUNTWsmfC4K5Yv+s8NSMS7JmKyqklBNEpsgUc="
        }
      },
      "30": {
        "private": {
          "type": "Buffer",
          "data": "sNVmKD9fj/4dkUDrFN8x/pHw0NHJippeNP+3jg95PEw="
        },
        "public": {
          "type": "Buffer",
          "data": "1dhrvpPqwtWzcLMdzWLeGs8KXeVT4HbFpOANovtTVGQ="
        }
      }
    },
    "sessions": {
      "628992642441.0": {
        "_sessions": {
          "Bfy/8aAf3HCS4T7gEPytlugY03aVwDRkL5ILGQcHO79r": {
            "registrationId": 398586937,
            "currentRatchet": {
              "ephemeralKeyPair": {
                "pubKey": "BZRyg8yRsSekC3d8Jj64LCF+R5GQPkv8Zebp+CHD6E5p",
                "privKey": "ONsgXmNaRItfsZVYgTiEAD2K9xd2WRaANlzdbSFq40E="
              },
              "lastRemoteEphemeralKey": "Bef7+VGxsPxtulV+Dcr/miTbE5jt/x1TKQ4YIjg/qSpi",
              "previousCounter": 0,
              "rootKey": "iOwSHi3HKzzA83mrMt4tvzONLNaG3ChSDPbQPP4di5w="
            },
            "indexInfo": {
              "baseKey": "Bfy/8aAf3HCS4T7gEPytlugY03aVwDRkL5ILGQcHO79r",
              "baseKeyType": 2,
              "closed": -1,
              "used": 1649650992281,
              "created": 1649650992281,
              "remoteIdentityKey": "BWi9ED5LVFY2ps7LQj1LKUZEmeSqpVVLU//dpA+ji7RJ"
            },
            "_chains": {
              "Bef7+VGxsPxtulV+Dcr/miTbE5jt/x1TKQ4YIjg/qSpi": {
                "chainKey": {
                  "counter": 5,
                  "key": "N0kuqYeye0TtrtC9gSPUxBmOjhX9304vGulk2WxaVvY="
                },
                "chainType": 2,
                "messageKeys": {}
              },
              "BZRyg8yRsSekC3d8Jj64LCF+R5GQPkv8Zebp+CHD6E5p": {
                "chainKey": {
                  "counter": -1,
                  "key": "ZKB6w2/nZsOcTIpFU+wLyf42IvKNPZzGwYjCwk5IQTE="
                },
                "chainType": 1,
                "messageKeys": {}
              }
            }
          }
        },
        "version": "v1"
      }
    },
    "appStateSyncKeys": {
      "AAAAAEoN": {
        "keyData": "BgTW44YtJHkR2OYru0GhKykMkcGd5ukr3HkQTA961+0=",
        "fingerprint": {
          "rawId": 2135374693,
          "currentIndex": 1,
          "deviceIndexes": [
            0,
            1
          ]
        },
        "timestamp": "1649650991924"
      }
    },
    "appStateVersions": {
      "critical_block": {
        "version": 1,
        "hash": {
          "type": "Buffer",
          "data": "8794LRc8o2x0F6oERtjK3X1ZbNIv8VGHb8qg1rH/zhCwTFdS1kJSB1Wjb8U5XR9DmcjwZApYKUXp5ymSO5VTPmVQ4TXZHHjYsd9p02H4/fKBa5M5oSVxahhN/pY/xPE2mnOCPt73dZrISaYXqyUjgUEQEOWHS/SXbu2jhn1TyzQ="
        },
        "indexValueMap": {
          "f4CK0hMXNzoLEPRNnY/NubU22y4RBFZppQwDCyRkd5I=": {
            "valueMac": {
              "type": "Buffer",
              "data": "IEEE978ssD0kEQnLNyo5wPAJNPGE5sf2aWZk40SV7+4="
            }
          },
          "UZGhENlyebMItg1Kga0Da79s6mZGxPaxMtAaY9m7pYg=": {
            "valueMac": {
              "type": "Buffer",
              "data": "sxX6GLECshCAABM/Ijqd6rLb+u63bilS5m51kcR/XFk="
            }
          }
        }
      },
      "regular": {
        "version": 1,
        "hash": {
          "type": "Buffer",
          "data": "rrKDPSZc4EwqukcTWzyTdn9BUw1QaT0z5qC6WKSYkWDPKzz08X/7Smo+sVBxKDlp0Zve8gyUlepEDdEdap0GfQg7XvfkGPA06EIj8ruSGlXihV/JxdcDiEVeyzhtyXLEK90w/7BdZmh7Jz/723GokUQXFgEziutGEqopAQIR62Y="
        },
        "indexValueMap": {
          "wanAk2UUGMJ7aEoapIMMK6SqbG+ggZR8Qu6AfHsUX4s=": {
            "valueMac": {
              "type": "Buffer",
              "data": "3ZMsOamM79IcyIgoTmyT5MSXPWH9rC1J9V3wTctthQQ="
            }
          },
          "gJmHvU/iZCPnPBbMtPHRFf3D1j0rFzhiUc9hbJKZYcA=": {
            "valueMac": {
              "type": "Buffer",
              "data": "xqUzg2QtFvuFUMsS7VvaWTjeVHnom+QGrzE0D/Qdu+8="
            }
          },
          "lVPIwoHus+k12ddvYS2urqF15ze33Ai+e677ahVBPRE=": {
            "valueMac": {
              "type": "Buffer",
              "data": "2uUynVYcJusHuGPul/Ug9nMSKcF3SYdpXbOvj9xMu0w="
            }
          },
          "b4x6M4lIXCmX7WYNMQLT2Ke6pKXjnpZ1HHpZvVTjURg=": {
            "valueMac": {
              "type": "Buffer",
              "data": "n1tUxWN4X1lac3Imzqgcsnrjswpe99bT93TQswT0Fdo="
            }
          },
          "g2Bingm2T49te5KjpHIusI6aI1LKMJXfxyyVDUDQ0rA=": {
            "valueMac": {
              "type": "Buffer",
              "data": "qEav9EMrV8neZLsErpFZjYGl0smG3Qg3GSYQ0wdD2d0="
            }
          },
          "hgUtFU58zkDpu0uhFxdn8p0KyvqPYGJ5Vq0cnoIXBEM=": {
            "valueMac": {
              "type": "Buffer",
              "data": "J9uKsBlJC9ufFSvXXD/ooiNJzDD885hNS2METLT3N24="
            }
          },
          "Kcoj7ImOL6BsX5m4f1nBvU/Wvvia6TK86dw23zsOm6I=": {
            "valueMac": {
              "type": "Buffer",
              "data": "UQz02iIrWM95DHOM/aRIXCPhr2/B0U9NRYFgog3C0Nw="
            }
          }
        }
      }
    }
  }
}
